# tool	version	host	archive_sha256
# Official GitHub release asset digests, reviewed 2026-10-06. See docs/ic-tools.md.
# Binaryen 133 archives verified on all three host mappings, 2026-10-10.
quill	0.5.4	linux-x86_64	73105578372086e349a45e9dfd67cfe05f005ff8024449d35969aaa9cff4a357
quill	0.5.4	darwin-x86_64	cd69f32e2cb24babe344491eb42cc0c00fc29870dfdb6e2661eaaecf6dd8b1c3
quill	0.5.4	darwin-arm64	70cc62bef97e813eb828e82a71299036536d3fec57c1428adbca3f83d363235b
icp	1.6.0	linux-x86_64	03fd43956307f993f2a4b84129cb9e305ffae99e26c65f608c713114607fb7a0
icp	1.6.0	darwin-x86_64	57c9b1fadd22935c2d11fea643963b958725dec683b1860f321c9335de87841a
icp	1.6.0	darwin-arm64	31e27e3b2f679420e88c03f56f66f051c659ba2d99d1a43440f11a2f2f84fdf7
didc	0.6.2	linux-x86_64	9990d2646a2b023df50c8765fd34e43951ba947303d3ce9d06590b2d58e89469
didc	0.6.2	darwin-x86_64	f279437b1322843d682c5afd2d2722e740559ef764fc655c9a31b559ee754dec
didc	0.6.2	darwin-arm64	1c3f117e4273cbb10670c44c34e70a58599ec180bc814fb6e3346609d330771f
ic-wasm	0.11.1	linux-x86_64	099776a745c4d4495761da18f2fe2216759a4166beacd05453bf031d61631746
ic-wasm	0.11.1	darwin-x86_64	9bf63f9daaee8d812207807435a1bff23d7b7e50c573b7c2a36b8aa50974e99a
ic-wasm	0.11.1	darwin-arm64	1feeb253498b783ce19e9e166d4f205ed35a8ab7fa679173aaa4b41fb78c852d
wasm-opt	133	linux-x86_64	2dc9c7813f5375db93d96ead4b78222fcc3e2677bbb832297af4797782a37489
wasm-opt	133	darwin-x86_64	13a9b90be775c6389ce3d1f879cb8627bea56708ba8c122983941d53a8199b95
wasm-opt	133	darwin-arm64	ad66da82ac13f163e424b1643f16c6dfcccc98b5966296b43e52d3cab04f84a8
